<?xml version="1.0" encoding="UTF-8"?>
<project-private xmlns="http://www.netbeans.org/ns/project-private/1">
    <editor-bookmarks xmlns="http://www.netbeans.org/ns/editor-bookmarks/2" lastBookmarkId="0"/>
    <open-files xmlns="http://www.netbeans.org/ns/projectui-open-files/2">
        <group>
            <file>file:/E:/Backup%20Storage/Desktop/MMDC/Comprog%202/SAMPLE%20GUI/MotorPHPayrollSystem/src/userLogin.java</file>
            <file>file:/E:/Backup%20Storage/Desktop/MMDC/Comprog%202/SAMPLE%20GUI/MotorPHPayrollSystem/src/employeeDashboard.java</file>
            <file>file:/E:/Backup%20Storage/Desktop/MMDC/Comprog%202/SAMPLE%20GUI/MotorPHPayrollSystem/src/adminDashboard.java</file>
        </group>
    </open-files>
</project-private>
